English,Spanish
apple,la manzana
beautiful,hermoso
to run,correr
book,el libro
strong,fuerte
to eat,comer
dog,el perro
quick,rápido
to sing,cantar
car,el coche
apple,la manzana
beautiful,hermoso
to run,correr
book,el libro
strong,fuerte
to eat,comer
dog,el perro
quick,rápido
to sing,cantar
car,el coche
apple,la manzana
beautiful,hermoso
to run,correr
book,el libro
strong,fuerte
to eat,comer
dog,el perro
quick,rápido
to sing,cantar
car,el coche
apple,la manzana
beautiful,hermoso
to run,correr
book,el libro
strong,fuerte
to eat,comer
dog,el perro
quick,rápido
to sing,cantar
car,el coche
apple,la manzana
beautiful,hermoso
to run,correr
book,el libro
strong,fuerte
to eat,comer
dog,el perro
quick,rápido
to sing,cantar
car,el coche
apple,la manzana
beautiful,hermoso
to run,correr
book,el libro
strong,fuerte
to eat,comer
dog,el perro
quick,rápido
to sing,cantar
car,el coche
apple,la manzana
beautiful,hermoso
to run,correr
book,el libro
strong,fuerte
to eat,comer
dog,el perro
quick,rápido
to sing,cantar
car,el coche
apple,la manzana
beautiful,hermoso
to run,correr
book,el libro
strong,fuerte
to eat,comer
dog,el perro
quick,rápido
to sing,cantar
car,el coche
apple,la manzana
beautiful,hermoso
to run,correr
book,el libro
strong,fuerte
to eat,comer
dog,el perro
quick,rápido
to sing,cantar
car,el coche
apple,la manzana
beautiful,hermoso
to run,correr
book,el libro
strong,fuerte
to eat,comer
dog,el perro
quick,rápido
to sing,cantar
car,el coche
apple,la manzana
beautiful,hermoso
to run,correr
book,el libro
strong,fuerte
to eat,comer
dog,el perro
quick,rápido
to sing,cantar
car,el coche
apple,la manzana
beautiful,hermoso
to run,correr
book,el libro
strong,fuerte
to eat,comer
dog,el perro
quick,rápido
to sing,cantar
car,el coche
apple,la manzana
beautiful,hermoso
to run,correr
book,el libro
strong,fuerte
to eat,comer
dog,el perro
quick,rápido
to sing,cantar
car,el coche
apple,la manzana
beautiful,hermoso
to run,correr
book,el libro
strong,fuerte
to eat,comer
dog,el perro
quick,rápido
to sing,cantar
car,el coche
apple,la manzana
beautiful,hermoso
to run,correr
book,el libro
strong,fuerte
to eat,comer
dog,el perro
quick,rápido
to sing,cantar
car,el coche
apple,la manzana
beautiful,hermoso
to run,correr
book,el libro
strong,fuerte
to eat,comer
dog,el perro
quick,rápido
to sing,cantar
car,el coche
apple,la manzana
beautiful,hermoso
to run,correr
book,el libro
strong,fuerte
to eat,comer
dog,el perro
quick,rápido
to sing,cantar
car,el coche
apple,la manzana
beautiful,hermoso
to run,correr
book,el libro
strong,fuerte
to eat,comer
dog,el perro
quick,rápido
to sing,cantar
car,el coche
apple,la manzana
beautiful,hermoso
to run,correr
book,el libro
strong,fuerte
to eat,comer
dog,el perro
quick,rápido
to sing,cantar
car,el coche
apple,la manzana
beautiful,hermoso
to run,correr
book,el libro
strong,fuerte
to eat,comer
dog,el perro
quick,rápido
to sing,cantar
car,el coche
apple,la manzana
beautiful,hermoso
to run,correr
book,el libro
strong,fuerte
to eat,comer
dog,el perro
quick,rápido
to sing,cantar
car,el coche
apple,la manzana
beautiful,hermoso
to run,correr
book,el libro
strong,fuerte
to eat,comer
dog,el perro
quick,rápido
to sing,cantar
car,el coche
apple,la manzana
beautiful,hermoso
to run,correr
book,el libro
strong,fuerte
to eat,comer
dog,el perro
quick,rápido
to sing,cantar
car,el coche
apple,la manzana
beautiful,hermoso
to run,correr
book,el libro
strong,fuerte
to eat,comer
dog,el perro
quick,rápido
to sing,cantar
car,el coche
apple,la manzana
beautiful,hermoso
to run,correr
book,el libro
strong,fuerte
to eat,comer
dog,el perro
quick,rápido
to sing,cantar
car,el coche
apple,la manzana
beautiful,hermoso
to run,correr
book,el libro
strong,fuerte
to eat,comer
dog,el perro
quick,rápido
to sing,cantar
car,el coche
apple,la manzana
beautiful,hermoso
to run,correr
book,el libro
strong,fuerte
to eat,comer
dog,el perro
quick,rápido
to sing,cantar
car,el coche
apple,la manzana
beautiful,hermoso
to run,correr
book,el libro
strong,fuerte
to eat,comer
dog,el perro
quick,rápido
to sing,cantar
car,el coche
apple,la manzana
beautiful,hermoso
to run,correr
book,el libro
strong,fuerte
to eat,comer
dog,el perro
quick,rápido
to sing,cantar
car,el coche
apple,la manzana
beautiful,hermoso
to run,correr
book,el libro
strong,fuerte
to eat,comer
dog,el perro
quick,rápido
to sing,cantar
car,el coche
apple,la manzana
beautiful,hermoso
to run,correr
book,el libro
strong,fuerte
to eat,comer
dog,el perro
quick,rápido
to sing,cantar
car,el coche
apple,la manzana
beautiful,hermoso
to run,correr
book,el libro
strong,fuerte
to eat,comer
dog,el perro
quick,rápido
to sing,cantar
car,el coche
apple,la manzana
beautiful,hermoso
to run,correr
book,el libro
strong,fuerte
to eat,comer
dog,el perro
quick,rápido
to sing,cantar
car,el coche
apple,la manzana
beautiful,hermoso
to run,correr
book,el libro
strong,fuerte
to eat,comer
dog,el perro
quick,rápido
to sing,cantar
car,el coche
apple,la manzana
beautiful,hermoso
to run,correr
book,el libro
strong,fuerte
to eat,comer
dog,el perro
quick,rápido
to sing,cantar
car,el coche
apple,la manzana
beautiful,hermoso
to run,correr
book,el libro
strong,fuerte
to eat,comer
dog,el perro
quick,rápido
to sing,cantar
car,el coche
apple,la manzana
beautiful,hermoso
to run,correr
book,el libro
strong,fuerte
to eat,comer
dog,el perro
quick,rápido
to sing,cantar
car,el coche
apple,la manzana
beautiful,hermoso
to run,correr
book,el libro
strong,fuerte
to eat,comer
dog,el perro
quick,rápido
to sing,cantar
car,el coche
apple,la manzana
beautiful,hermoso
to run,correr
book,el libro
strong,fuerte
to eat,comer
dog,el perro
quick,rápido
to sing,cantar
car,el coche
apple,la manzana
beautiful,hermoso
to run,correr
book,el libro
strong,fuerte
to eat,comer
dog,el perro
quick,rápido
to sing,cantar
car,el coche
apple,la manzana
beautiful,hermoso
to run,correr
book,el libro
strong,fuerte
to eat,comer
dog,el perro
quick,rápido
to sing,cantar
car,el coche
apple,la manzana
beautiful,hermoso
to run,correr
book,el libro
strong,fuerte
to eat,comer
dog,el perro
quick,rápido
to sing,cantar
car,el coche
apple,la manzana
beautiful,hermoso
to run,correr
book,el libro
strong,fuerte
to eat,comer
dog,el perro
quick,rápido
to sing,cantar
car,el coche
apple,la manzana
beautiful,hermoso
to run,correr
book,el libro
strong,fuerte
to eat,comer
dog,el perro
quick,rápido
to sing,cantar
car,el coche
apple,la manzana
beautiful,hermoso
to run,correr
book,el libro
strong,fuerte
to eat,comer
dog,el perro
quick,rápido
to sing,cantar
car,el coche
apple,la manzana
beautiful,hermoso
to run,correr
book,el libro
strong,fuerte
to eat,comer
dog,el perro
quick,rápido
to sing,cantar
car,el coche
apple,la manzana
beautiful,hermoso
to run,correr
book,el libro
strong,fuerte
to eat,comer
dog,el perro
quick,rápido
to sing,cantar
car,el coche
apple,la manzana
beautiful,hermoso
to run,correr
book,el libro
strong,fuerte
to eat,comer
dog,el perro
quick,rápido
to sing,cantar
car,el coche
apple,la manzana
beautiful,hermoso
to run,correr
book,el libro
strong,fuerte
to eat,comer
dog,el perro
quick,rápido
to sing,cantar
car,el coche
apple,la manzana
beautiful,hermoso
to run,correr
book,el libro
strong,fuerte
to eat,comer
dog,el perro
quick,rápido
to sing,cantar
car,el coche
apple,la manzana
beautiful,hermoso
to run,correr
book,el libro
strong,fuerte
to eat,comer
dog,el perro
quick,rápido
to sing,cantar
car,el coche
apple,la manzana
beautiful,hermoso
to run,correr
book,el libro
strong,fuerte
to eat,comer
dog,el perro
quick,rápido
to sing,cantar
car,el coche
apple,la manzana
beautiful,hermoso
to run,correr
book,el libro
strong,fuerte
to eat,comer
dog,el perro
quick,rápido
to sing,cantar
car,el coche
apple,la manzana
beautiful,hermoso
to run,correr
book,el libro
strong,fuerte
to eat,comer
dog,el perro
quick,rápido
to sing,cantar
car,el coche
apple,la manzana
beautiful,hermoso
to run,correr
book,el libro
strong,fuerte
to eat,comer
dog,el perro
quick,rápido
to sing,cantar
car,el coche
apple,la manzana
beautiful,hermoso
to run,correr
book,el libro
strong,fuerte
to eat,comer
dog,el perro
quick,rápido
to sing,cantar
car,el coche
apple,la manzana
beautiful,hermoso
to run,correr
book,el libro
strong,fuerte
to eat,comer
dog,el perro
quick,rápido
to sing,cantar
car,el coche
apple,la manzana
beautiful,hermoso
to run,correr
book,el libro
strong,fuerte
to eat,comer
dog,el perro
quick,rápido
to sing,cantar
car,el coche
apple,la manzana
beautiful,hermoso
to run,correr
book,el libro
strong,fuerte
to eat,comer
dog,el perro
quick,rápido
to sing,cantar
car,el coche
apple,la manzana
beautiful,hermoso
to run,correr
book,el libro
strong,fuerte
to eat,comer
dog,el perro
quick,rápido
to sing,cantar
car,el coche
apple,la manzana
beautiful,hermoso
to run,correr
book,el libro
strong,fuerte
to eat,comer
dog,el perro
quick,rápido
to sing,cantar
car,el coche
apple,la manzana
beautiful,hermoso
to run,correr
book,el libro
strong,fuerte
to eat,comer
dog,el perro
quick,rápido
to sing,cantar
car,el coche
apple,la manzana
beautiful,hermoso
to run,correr
book,el libro
strong,fuerte
to eat,comer
dog,el perro
quick,rápido
to sing,cantar
car,el coche
apple,la manzana
beautiful,hermoso
to run,correr
book,el libro
strong,fuerte
to eat,comer
dog,el perro
quick,rápido
to sing,cantar
car,el coche
apple,la manzana
beautiful,hermoso
to run,correr
book,el libro
strong,fuerte
to eat,comer
dog,el perro
quick,rápido
to sing,cantar
car,el coche
apple,la manzana
beautiful,hermoso
to run,correr
book,el libro
strong,fuerte
to eat,comer
dog,el perro
quick,rápido
to sing,cantar
car,el coche
apple,la manzana
beautiful,hermoso
to run,correr
book,el libro
strong,fuerte
to eat,comer
dog,el perro
quick,rápido
to sing,cantar
car,el coche
apple,la manzana
beautiful,hermoso
to run,correr
book,el libro
strong,fuerte
to eat,comer
dog,el perro
quick,rápido
to sing,cantar
car,el coche
apple,la manzana
beautiful,hermoso
to run,correr
book,el libro
strong,fuerte
to eat,comer
dog,el perro
quick,rápido
to sing,cantar
car,el coche
apple,la manzana
beautiful,hermoso
to run,correr
book,el libro
strong,fuerte
to eat,comer
dog,el perro
quick,rápido
to sing,cantar
car,el coche
apple,la manzana
beautiful,hermoso
to run,correr
book,el libro
strong,fuerte
to eat,comer
dog,el perro
quick,rápido
to sing,cantar
car,el coche
apple,la manzana
beautiful,hermoso
to run,correr
book,el libro
strong,fuerte
to eat,comer
dog,el perro
quick,rápido
to sing,cantar
car,el coche
apple,la manzana
beautiful,hermoso
to run,correr
book,el libro
strong,fuerte
to eat,comer
dog,el perro
quick,rápido
to sing,cantar
car,el coche
apple,la manzana
beautiful,hermoso
to run,correr
book,el libro
strong,fuerte
to eat,comer
dog,el perro
quick,rápido
to sing,cantar
car,el coche
apple,la manzana
beautiful,hermoso
to run,correr
book,el libro
strong,fuerte
to eat,comer
dog,el perro
quick,rápido
to sing,cantar
car,el coche
apple,la manzana
beautiful,hermoso
to run,correr
book,el libro
strong,fuerte
to eat,comer
dog,el perro
quick,rápido
to sing,cantar
car,el coche
apple,la manzana
beautiful,hermoso
to run,correr
book,el libro
strong,fuerte
to eat,comer
dog,el perro
quick,rápido
to sing,cantar
car,el coche
apple,la manzana
beautiful,hermoso
to run,correr
book,el libro
strong,fuerte
to eat,comer
dog,el perro
quick,rápido
to sing,cantar
car,el coche
apple,la manzana
beautiful,hermoso
to run,correr
book,el libro
strong,fuerte
to eat,comer
dog,el perro
quick,rápido
to sing,cantar
car,el coche
apple,la manzana
beautiful,hermoso
to run,correr
book,el libro
strong,fuerte
to eat,comer
dog,el perro
quick,rápido
to sing,cantar
car,el coche
apple,la manzana
beautiful,hermoso
to run,correr
book,el libro
strong,fuerte
to eat,comer
dog,el perro
quick,rápido
to sing,cantar
car,el coche
apple,la manzana
beautiful,hermoso
to run,correr
book,el libro
strong,fuerte
to eat,comer
dog,el perro
quick,rápido
to sing,cantar
car,el coche
apple,la manzana
beautiful,hermoso
to run,correr
book,el libro
strong,fuerte
to eat,comer
dog,el perro
quick,rápido
to sing,cantar
car,el coche
apple,la manzana
beautiful,hermoso
to run,correr
book,el libro
strong,fuerte
to eat,comer
dog,el perro
quick,rápido
to sing,cantar
car,el coche
apple,la manzana
beautiful,hermoso
to run,correr
book,el libro
strong,fuerte
to eat,comer
dog,el perro
quick,rápido
to sing,cantar
car,el coche
apple,la manzana
beautiful,hermoso
to run,correr
book,el libro
strong,fuerte
to eat,comer
dog,el perro
quick,rápido
to sing,cantar
car,el coche
apple,la manzana
beautiful,hermoso
to run,correr
book,el libro
strong,fuerte
to eat,comer
dog,el perro
quick,rápido
to sing,cantar
car,el coche
apple,la manzana
beautiful,hermoso
to run,correr
book,el libro
strong,fuerte
to eat,comer
dog,el perro
quick,rápido
to sing,cantar
car,el coche
apple,la manzana
beautiful,hermoso
to run,correr
book,el libro
strong,fuerte
to eat,comer
dog,el perro
quick,rápido
to sing,cantar
car,el coche
apple,la manzana
beautiful,hermoso
to run,correr
book,el libro
strong,fuerte
to eat,comer
dog,el perro
quick,rápido
to sing,cantar
car,el coche
apple,la manzana
beautiful,hermoso
to run,correr
book,el libro
strong,fuerte
to eat,comer
dog,el perro
quick,rápido
to sing,cantar
car,el coche
apple,la manzana
beautiful,hermoso
to run,correr
book,el libro
strong,fuerte
to eat,comer
dog,el perro
quick,rápido
to sing,cantar
car,el coche
apple,la manzana
beautiful,hermoso
to run,correr
book,el libro
strong,fuerte
to eat,comer
dog,el perro
quick,rápido
to sing,cantar
car,el coche
apple,la manzana
beautiful,hermoso
to run,correr
book,el libro
strong,fuerte
to eat,comer
dog,el perro
quick,rápido
to sing,cantar
car,el coche
apple,la manzana
beautiful,hermoso
to run,correr
book,el libro
strong,fuerte
to eat,comer
dog,el perro
quick,rápido
to sing,cantar
car,el coche
apple,la manzana
beautiful,hermoso
to run,correr
book,el libro
strong,fuerte
to eat,comer
dog,el perro
quick,rápido
to sing,cantar
car,el coche
apple,la manzana
beautiful,hermoso
to run,correr
book,el libro
strong,fuerte
to eat,comer
dog,el perro
quick,rápido
to sing,cantar
car,el coche
apple,la manzana
beautiful,hermoso
to run,correr
book,el libro
strong,fuerte
to eat,comer
dog,el perro
quick,rápido
to sing,cantar
car,el coche
apple,la manzana
beautiful,hermoso
to run,correr
book,el libro
strong,fuerte
to eat,comer
dog,el perro
quick,rápido
to sing,cantar
car,el coche
apple,la manzana
beautiful,hermoso
to run,correr
book,el libro
strong,fuerte
to eat,comer
dog,el perro
quick,rápido
to sing,cantar
car,el coche
